column1,column2,column3
one,two,three
four,five,six
one,two,three
four,five,six
one,two,three
four,five,six
one,two,three
four,five,six
one,two,three
four,five,six
one,two,three
four,five,six
one,two,three
four,five,six
one,two,three
four,five,six
one,two,three
four,five,six
one,two,three
four,five,six
one,two,three
four,five,six
one,two,three
four,five,six
one,two,three
four,five,six
one,two,three
four,five,six
one,two,three
four,five,six
one,two,three
four,five,six
one,two,three
four,five,six
one,two,three
four,five,six
one,two,three
four,five,six
one,two,three
four,five,six
one,two,three
four,five,six
one,two,three
four,five,six
one,two,three
four,five,six
one,two,three
four,five,six
one,two,three
four,five,six
one,two,three
four,five,six
one,two,three
four,five,six
one,two,three
four,five,six
one,two,three
four,five,six
one,two,three
four,five,six
one,two,three
four,five,six
one,two,three
four,five,six
one,two,three
four,five,six
one,two,three
four,five,six
one,two,three
four,five,six
one,two,three
four,five,six
one,two,three
four,five,six
one,two,three
four,five,six
one,two,three
four,five,six
one,two,three
four,five,six
one,two,three
four,five,six
one,two,three
four,five,six
one,two,three
four,five,six
one,two,three
four,five,six
one,two,three
four,five,six
one,two,three
four,five,six
one,two,three
four,five,six
one,two,three
four,five,six
one,two,three
four,five,six
one,two,three
four,five,six
one,two,three
four,five,six
one,two,three
four,five,six
one,two,three
four,five,six
one,two,three
four,five,six
one,two,three
four,five,six
one,two,three
four,five,six
one,two,three
four,five,six
one,two,three
four,five,six
one,two,three
four,five,six
one,two,three
four,five,six
one,two,three
four,five,six
one,two,three
four,five,six
one,two,three
four,five,six
one,two,three
four,five,six
one,two,three
four,five,six
one,two,three
four,five,six
one,two,three
four,five,six
one,two,three
four,five,six
one,two,three
four,five,six
one,two,three
four,five,six
one,two,three
four,five,six
one,two,three
four,five,six
one,two,three
four,five,six
one,two,three
four,five,six
one,two,three
four,five,six
one,two,three
four,five,six
one,two,three
four,five,six
one,two,three
four,five,six
one,two,three
four,five,six
one,two,three
four,five,six
one,two,three
four,five,six
one,two,three
four,five,six
one,two,three
four,five,six
one,two,three
four,five,six
one,two,three
four,five,six
one,two,three
four,five,six
one,two,three
four,five,six
one,two,three
four,five,six
one,two,three
four,five,six
one,two,three
four,five,six
one,two,three
four,five,six
one,two,three
four,five,six
one,two,three
four,five,six
one,two,three
four,five,six
one,two,three
four,five,six
one,two,three
four,five,six
one,two,three
four,five,six
one,two,three
four,five,six
one,two,three
four,five,six
